"Epic","Feature","Story","FAILED","BROKEN","PASSED","SKIPPED","UNKNOWN"
"","","","0","1","39","12","0"
"Digital Experience & Infrastructure Integrity","Hybrid API & UI Asset Health Verification","Image Asset Renderability & HTTP Status","0","0","1","0","0"
"Regulatory Compliance & Inclusive Banking","WCAG 2.1 Level AA Accessibility Auditing","Mortgage Calculator Accessibility","0","1","0","0","0"
"Browser DevTools Protocol Automation","Selenium 4 Chrome DevTools Protocol (CDP)","Browser Console Health","0","0","1","0","0"
"Browser DevTools Protocol Automation","Selenium 4 Chrome DevTools Protocol (CDP)","Cork Geolocation Emulation","0","0","1","0","0"
"Regulatory Compliance & Inclusive Banking","WCAG 2.1 Level AA Accessibility Auditing","Homepage Accessibility","0","0","1","0","0"
"Regulatory Compliance & Inclusive Banking","WCAG 2.1 Level AA Accessibility Auditing","Loans Page Accessibility","0","0","1","0","0"
"Digital Experience & Infrastructure Integrity","Hybrid API & UI Asset Health Verification","Regulatory Disclosures & Consumer Protection Links","0","0","1","0","0"
"Browser DevTools Protocol Automation","Selenium 4 Chrome DevTools Protocol (CDP)","Dublin Geolocation Emulation","0","0","1","0","0"
"Digital Experience & Infrastructure Integrity","Hybrid API & UI Asset Health Verification","Homepage Hyperlink Integrity","0","0","1","0","0"
"Browser DevTools Protocol Automation","Selenium 4 Chrome DevTools Protocol (CDP)","Slow 3G Network Resilience","0","1","0","0","0"
