"Status","Start Time","Stop Time","Duration in ms","Parent Suite","Suite","Sub Suite","Test Class","Test Method","Name","Description"
"broken","Wed Oct 07 22:00:19 UTC 2026","Wed Oct 07 22:00:19 UTC 2026","0","AIB Selenium Portfolio Test Suite","AIB Digital Banking Tests","tests.aib.MortgageTest","tests.aib.MortgageTest","setupPage","setupPage",""
"skipped","Wed Oct 07 22:00:19 UTC 2026","Wed Oct 07 22:00:19 UTC 2026","0","AIB Selenium Portfolio Test Suite","AIB Digital Banking Tests","tests.aib.MortgageTest","tests.aib.MortgageTest","test10_SelectJointApplicantSelectionState","Verify Joint Applicant radio can be selected",""
"passed","Wed Oct 07 22:00:13 UTC 2026","Wed Oct 07 22:00:13 UTC 2026","10","AIB Selenium Portfolio Test Suite","AIB Digital Banking Tests","tests.aib.LoansTest","tests.aib.LoansTest","test08_ConvertedAmountTextColorRgba","Verify Converted Amount output text RGBA color",""
"passed","Wed Oct 07 22:00:14 UTC 2026","Wed Oct 07 22:00:14 UTC 2026","50","AIB Selenium Portfolio Test Suite","AIB Digital Banking Tests","tests.aib.LoansTest","tests.aib.LoansTest","test12_AmountInputUpdateAfterClear","Verify re-entering new amount works after clear",""
"passed","Wed Oct 07 22:00:13 UTC 2026","Wed Oct 07 22:00:13 UTC 2026","29","AIB Selenium Portfolio Test Suite","AIB Digital Banking Tests","tests.aib.LoansTest","tests.aib.LoansTest","test11_ClearAmountInput","Verify user can clear amount input",""
"skipped","Wed Oct 07 22:00:19 UTC 2026","Wed Oct 07 22:00:19 UTC 2026","0","AIB Selenium Portfolio Test Suite","AIB Digital Banking Tests","tests.aib.MortgageTest","tests.aib.MortgageTest","test03_IntroButtonBackgroundColorRgba","Verify Intro CTA button background RGBA color",""
"passed","Wed Oct 07 22:00:25 UTC 2026","Wed Oct 07 22:00:25 UTC 2026","9","AIB Selenium Portfolio Test Suite","AIB Digital Banking Tests","tests.aib.SavingsTest","tests.aib.SavingsTest","test04_SearchInputTextColorRgba","Verify Search input text RGBA color",""
"passed","Wed Oct 07 22:00:37 UTC 2026","Wed Oct 07 22:00:38 UTC 2026","1147","AIB Selenium Portfolio Test Suite","AIB Digital Banking Tests","tests.aib.SavingsTest","tests.aib.SavingsTest","test07_SearchBranchesAcrossIreland","Verify branch search across Ireland",""
"passed","Wed Oct 07 22:00:13 UTC 2026","Wed Oct 07 22:00:13 UTC 2026","8","AIB Selenium Portfolio Test Suite","AIB Digital Banking Tests","tests.aib.LoansTest","tests.aib.LoansTest","test07_BaseCurrencyBackgroundColorRgba","Verify Base Currency background RGBA color",""
"passed","Wed Oct 07 22:00:02 UTC 2026","Wed Oct 07 22:00:02 UTC 2026","12","AIB Selenium Portfolio Test Suite","AIB Digital Banking Tests","tests.aib.AibHomeTest","tests.aib.AibHomeTest","test07_MortgagesNavFontSize","Verify Mortgages navigation font size",""
"skipped","Wed Oct 07 22:00:19 UTC 2026","Wed Oct 07 22:00:19 UTC 2026","0","AIB Selenium Portfolio Test Suite","AIB Digital Banking Tests","tests.aib.MortgageTest","tests.aib.MortgageTest","test01_IntroPageTitleIsValid","Verify Mortgage Calculator page title",""
"passed","Wed Oct 07 22:00:01 UTC 2026","Wed Oct 07 22:00:01 UTC 2026","5","AIB Selenium Portfolio Test Suite","AIB Digital Banking Tests","tests.aib.AibHomeTest","tests.aib.AibHomeTest","test04_PageTitleContainsBranding","Verify page title branding",""
"skipped","Wed Oct 07 22:00:19 UTC 2026","Wed Oct 07 22:00:19 UTC 2026","0","AIB Selenium Portfolio Test Suite","AIB Digital Banking Tests","tests.aib.MortgageTest","tests.aib.MortgageTest","test04_IntroButtonTextColorRgba","Verify Intro CTA button text RGBA color",""
"passed","Wed Oct 07 22:01:28 UTC 2026","Wed Oct 07 22:01:39 UTC 2026","10542","AIB Selenium Portfolio Test Suite","AIB Digital Banking Tests","tests.aib.CdpFeaturesTest","tests.aib.CdpFeaturesTest","testBrowserConsoleZeroSevereExceptionsOnHome","testBrowserConsoleZeroSevereExceptionsOnHome","Capture browser console logs via CDP / Selenium LogEntries and audit for critical JavaScript exceptions"
"passed","Wed Oct 07 22:00:38 UTC 2026","Wed Oct 07 22:00:47 UTC 2026","8297","AIB Selenium Portfolio Test Suite","AIB Digital Banking Tests","tests.aib.CdpFeaturesTest","tests.aib.CdpFeaturesTest","testGeolocationDublinEmulation","testGeolocationDublinEmulation","Emulate Dublin coordinates (53.3498, -6.2603) via CDP and verify navigator.geolocation"
"passed","Wed Oct 07 22:00:25 UTC 2026","Wed Oct 07 22:00:28 UTC 2026","2845","AIB Selenium Portfolio Test Suite","AIB Digital Banking Tests","tests.aib.SavingsTest","tests.aib.SavingsTest","test07_SearchBranchesAcrossIreland","Verify branch search across Ireland",""
"passed","Wed Oct 07 22:00:34 UTC 2026","Wed Oct 07 22:00:35 UTC 2026","1144","AIB Selenium Portfolio Test Suite","AIB Digital Banking Tests","tests.aib.SavingsTest","tests.aib.SavingsTest","test07_SearchBranchesAcrossIreland","Verify branch search across Ireland",""
"passed","Wed Oct 07 22:00:25 UTC 2026","Wed Oct 07 22:00:25 UTC 2026","10","AIB Selenium Portfolio Test Suite","AIB Digital Banking Tests","tests.aib.SavingsTest","tests.aib.SavingsTest","test05_SearchButtonBackgroundColorRgba","Verify Search button background RGBA color",""
"passed","Wed Oct 07 22:00:33 UTC 2026","Wed Oct 07 22:00:34 UTC 2026","1219","AIB Selenium Portfolio Test Suite","AIB Digital Banking Tests","tests.aib.SavingsTest","tests.aib.SavingsTest","test07_SearchBranchesAcrossIreland","Verify branch search across Ireland",""
"passed","Wed Oct 07 22:01:42 UTC 2026","Wed Oct 07 22:01:42 UTC 2026","14","AIB Selenium Portfolio Test Suite","AIB Digital Banking Tests","tests.smoke.SmokeTest","tests.smoke.SmokeTest","testAibPortalSanity","Smoke test: verify AIB portal is alive",""
"passed","Wed Oct 07 22:00:13 UTC 2026","Wed Oct 07 22:00:13 UTC 2026","9","AIB Selenium Portfolio Test Suite","AIB Digital Banking Tests","tests.aib.LoansTest","tests.aib.LoansTest","test06_BaseCurrencyTextColorRgba","Verify Base Currency text RGBA color",""
"skipped","Wed Oct 07 22:00:19 UTC 2026","Wed Oct 07 22:00:19 UTC 2026","1","AIB Selenium Portfolio Test Suite","AIB Digital Banking Tests","tests.aib.MortgageTest","tests.aib.MortgageTest","test05_IntroButtonFontSize","Verify Intro CTA button font size",""
"passed","Wed Oct 07 22:00:12 UTC 2026","Wed Oct 07 22:00:12 UTC 2026","14","AIB Selenium Portfolio Test Suite","AIB Digital Banking Tests","tests.aib.LoansTest","tests.aib.LoansTest","test03_SearchCurrencyInputIsDisplayed","Verify currency search filter input is displayed",""
"passed","Wed Oct 07 22:00:00 UTC 2026","Wed Oct 07 22:00:00 UTC 2026","36","AIB Selenium Portfolio Test Suite","AIB Digital Banking Tests","tests.aib.AibHomeTest","tests.aib.AibHomeTest","test02_AibLogoIsDisplayed","Verify that AIB logo is visible",""
"passed","Wed Oct 07 22:00:25 UTC 2026","Wed Oct 07 22:00:25 UTC 2026","9","AIB Selenium Portfolio Test Suite","AIB Digital Banking Tests","tests.aib.SavingsTest","tests.aib.SavingsTest","test02_SearchInputPlaceholderText","Verify Search input placeholder contains text",""
"passed","Wed Oct 07 22:00:28 UTC 2026","Wed Oct 07 22:00:30 UTC 2026","1429","AIB Selenium Portfolio Test Suite","AIB Digital Banking Tests","tests.aib.SavingsTest","tests.aib.SavingsTest","test07_SearchBranchesAcrossIreland","Verify branch search across Ireland",""
"skipped","Wed Oct 07 22:00:19 UTC 2026","Wed Oct 07 22:00:19 UTC 2026","0","AIB Selenium Portfolio Test Suite","AIB Digital Banking Tests","tests.aib.MortgageTest","tests.aib.MortgageTest","test08_JointApplicantOptionIsAvailable","Verify Joint Applicant option is available on Step 1",""
"passed","Wed Oct 07 22:00:30 UTC 2026","Wed Oct 07 22:00:31 UTC 2026","1306","AIB Selenium Portfolio Test Suite","AIB Digital Banking Tests","tests.aib.SavingsTest","tests.aib.SavingsTest","test07_SearchBranchesAcrossIreland","Verify branch search across Ireland",""
"skipped","Wed Oct 07 22:00:19 UTC 2026","Wed Oct 07 22:00:19 UTC 2026","0","AIB Selenium Portfolio Test Suite","AIB Digital Banking Tests","tests.aib.MortgageTest","tests.aib.MortgageTest","test07_SingleApplicantOptionIsAvailable","Verify Single Applicant option is available on Step 1",""
"passed","Wed Oct 07 22:00:47 UTC 2026","Wed Oct 07 22:00:57 UTC 2026","10525","AIB Selenium Portfolio Test Suite","AIB Digital Banking Tests","tests.aib.CdpFeaturesTest","tests.aib.CdpFeaturesTest","testGeolocationCorkEmulation","testGeolocationCorkEmulation","Emulate Cork coordinates (51.8985, -8.4756) via CDP for branch locator regional testing"
"passed","Wed Oct 07 22:00:13 UTC 2026","Wed Oct 07 22:00:13 UTC 2026","9","AIB Selenium Portfolio Test Suite","AIB Digital Banking Tests","tests.aib.LoansTest","tests.aib.LoansTest","test05_AmountInputBackgroundColorRgba","Verify Amount input background RGBA color",""
"passed","Wed Oct 07 22:00:13 UTC 2026","Wed Oct 07 22:00:13 UTC 2026","8","AIB Selenium Portfolio Test Suite","AIB Digital Banking Tests","tests.aib.LoansTest","tests.aib.LoansTest","test10_ConvertedAmountValuePopulated","Verify converted amount value is calculated",""
"passed","Wed Oct 07 22:01:00 UTC 2026","Wed Oct 07 22:01:13 UTC 2026","12196","AIB Selenium Portfolio Test Suite","AIB Digital Banking Tests","tests.aib.AccessibilityTest","tests.aib.AccessibilityTest","testAibLoansPageAccessibility","testAibLoansPageAccessibility","Audit AIB Personal Loans page for contrast, landmarks, and headings hierarchy under WCAG 2.1 AA"
"passed","Wed Oct 07 22:00:01 UTC 2026","Wed Oct 07 22:00:01 UTC 2026","11","AIB Selenium Portfolio Test Suite","AIB Digital Banking Tests","tests.aib.AibHomeTest","tests.aib.AibHomeTest","test06_MortgagesNavTextColorRgba","Verify Mortgages menu font RGBA color",""
"passed","Wed Oct 07 22:00:00 UTC 2026","Wed Oct 07 22:00:00 UTC 2026","14","AIB Selenium Portfolio Test Suite","AIB Digital Banking Tests","tests.aib.AibHomeTest","tests.aib.AibHomeTest","test03_LogoSrcAttributeIsValid","Verify AIB logo image source is valid",""
"passed","Wed Oct 07 22:01:22 UTC 2026","Wed Oct 07 22:01:33 UTC 2026","10519","AIB Selenium Portfolio Test Suite","AIB Digital Banking Tests","tests.aib.NetworkHealthTest","tests.aib.NetworkHealthTest","testHomepageBrandImageAssetsHealth","testHomepageBrandImageAssetsHealth","Validate image elements on AIB Homepage for zero broken image sources and valid naturalWidth render dimensions"
"skipped","Wed Oct 07 22:00:19 UTC 2026","Wed Oct 07 22:00:19 UTC 2026","0","AIB Selenium Portfolio Test Suite","AIB Digital Banking Tests","tests.aib.MortgageTest","tests.aib.MortgageTest","test02_IntroCtaButtonIsDisplayed","Verify CTA button is displayed on intro screen",""
"passed","Wed Oct 07 22:00:20 UTC 2026","Wed Oct 07 22:00:30 UTC 2026","9835","AIB Selenium Portfolio Test Suite","AIB Digital Banking Tests","tests.aib.AccessibilityTest","tests.aib.AccessibilityTest","testAibHomePageAccessibilityWcag21AA","testAibHomePageAccessibilityWcag21AA","Verify AIB Homepage complies with WCAG 2.1 AA accessibility standards (EU Accessibility Act)"
"broken","Wed Oct 07 22:00:58 UTC 2026","Wed Oct 07 22:01:28 UTC 2026","30012","AIB Selenium Portfolio Test Suite","AIB Digital Banking Tests","tests.aib.CdpFeaturesTest","tests.aib.CdpFeaturesTest","testSlow3GNetworkEmulationOnMortgageCalculator","testSlow3GNetworkEmulationOnMortgageCalculator","Simulate Slow 3G network conditions (400ms latency, 500kbps) on Mortgage Calculator to verify page stability"
"broken","Wed Oct 07 22:00:30 UTC 2026","Wed Oct 07 22:01:00 UTC 2026","30014","AIB Selenium Portfolio Test Suite","AIB Digital Banking Tests","tests.aib.AccessibilityTest","tests.aib.AccessibilityTest","testAibMortgageCalculatorAccessibility","testAibMortgageCalculatorAccessibility","Verify AIB Mortgage Calculator form elements, sliders, and buttons meet WCAG 2.1 AA standards"
"passed","Wed Oct 07 22:00:02 UTC 2026","Wed Oct 07 22:00:02 UTC 2026","16","AIB Selenium Portfolio Test Suite","AIB Digital Banking Tests","tests.aib.AibHomeTest","tests.aib.AibHomeTest","test08_ProductsNavButtonDisplayed","Verify Products navigation button presence",""
"skipped","Wed Oct 07 22:00:19 UTC 2026","Wed Oct 07 22:00:19 UTC 2026","0","AIB Selenium Portfolio Test Suite","AIB Digital Banking Tests","tests.aib.MortgageTest","tests.aib.MortgageTest","test06_StartCalculationProceedsToStep1","Verify transition to Step 1 upon clicking CTA",""
"passed","Wed Oct 07 22:00:12 UTC 2026","Wed Oct 07 22:00:12 UTC 2026","9","AIB Selenium Portfolio Test Suite","AIB Digital Banking Tests","tests.aib.LoansTest","tests.aib.LoansTest","test04_AmountInputTextColorRgba","Verify Amount input text RGBA color",""
"passed","Wed Oct 07 22:00:31 UTC 2026","Wed Oct 07 22:00:32 UTC 2026","1189","AIB Selenium Portfolio Test Suite","AIB Digital Banking Tests","tests.aib.SavingsTest","tests.aib.SavingsTest","test07_SearchBranchesAcrossIreland","Verify branch search across Ireland",""
"passed","Wed Oct 07 22:00:35 UTC 2026","Wed Oct 07 22:00:36 UTC 2026","1156","AIB Selenium Portfolio Test Suite","AIB Digital Banking Tests","tests.aib.SavingsTest","tests.aib.SavingsTest","test07_SearchBranchesAcrossIreland","Verify branch search across Ireland",""
"passed","Wed Oct 07 22:00:25 UTC 2026","Wed Oct 07 22:00:25 UTC 2026","10","AIB Selenium Portfolio Test Suite","AIB Digital Banking Tests","tests.aib.SavingsTest","tests.aib.SavingsTest","test03_SearchInputBackgroundColorRgba","Verify Search input background RGBA color",""
"passed","Wed Oct 07 22:00:12 UTC 2026","Wed Oct 07 22:00:12 UTC 2026","13","AIB Selenium Portfolio Test Suite","AIB Digital Banking Tests","tests.aib.LoansTest","tests.aib.LoansTest","test01_CalculatorIsDisplayed","Verify Loans / FX Rates Calculator page loads",""
"passed","Wed Oct 07 22:00:03 UTC 2026","Wed Oct 07 22:00:03 UTC 2026","17","AIB Selenium Portfolio Test Suite","AIB Digital Banking Tests","tests.aib.AibHomeTest","tests.aib.AibHomeTest","test12_HelpAndGuidanceNavButtonDisplayed","Verify Help & Guidance navigation button presence",""
"skipped","Wed Oct 07 22:00:19 UTC 2026","Wed Oct 07 22:00:19 UTC 2026","0","AIB Selenium Portfolio Test Suite","AIB Digital Banking Tests","tests.aib.MortgageTest","tests.aib.MortgageTest","test09_SelectSingleApplicantSelectionState","Verify Single Applicant radio can be selected",""
"passed","Wed Oct 07 22:00:02 UTC 2026","Wed Oct 07 22:00:02 UTC 2026","14","AIB Selenium Portfolio Test Suite","AIB Digital Banking Tests","tests.aib.AibHomeTest","tests.aib.AibHomeTest","test09_ProductsNavTextColorRgba","Verify Products button text RGBA color",""
"passed","Wed Oct 07 22:00:12 UTC 2026","Wed Oct 07 22:00:12 UTC 2026","11","AIB Selenium Portfolio Test Suite","AIB Digital Banking Tests","tests.aib.LoansTest","tests.aib.LoansTest","test02_DefaultBaseCurrencyIsEur","Verify base currency is initialized to EUR",""
"passed","Wed Oct 07 22:01:33 UTC 2026","Wed Oct 07 22:01:33 UTC 2026","213","AIB Selenium Portfolio Test Suite","AIB Digital Banking Tests","tests.aib.NetworkHealthTest","tests.aib.NetworkHealthTest","testRegulatoryAndCentralBankLinks","testRegulatoryAndCentralBankLinks","Verify key regulatory disclosure endpoints return active HTTP 200/302 statuses (Central Bank compliance)"
"failed","Wed Oct 07 22:00:13 UTC 2026","Wed Oct 07 22:00:13 UTC 2026","251","AIB Selenium Portfolio Test Suite","AIB Digital Banking Tests","tests.aib.LoansTest","tests.aib.LoansTest","test09_EnterConversionAmountNumeric","Verify user can enter conversion amount",""
"passed","Wed Oct 07 22:00:03 UTC 2026","Wed Oct 07 22:00:03 UTC 2026","20","AIB Selenium Portfolio Test Suite","AIB Digital Banking Tests","tests.aib.AibHomeTest","tests.aib.AibHomeTest","test10_WaysToBankNavButtonDisplayed","Verify Ways to Bank navigation button presence",""
"passed","Wed Oct 07 22:01:13 UTC 2026","Wed Oct 07 22:01:22 UTC 2026","8812","AIB Selenium Portfolio Test Suite","AIB Digital Banking Tests","tests.aib.NetworkHealthTest","tests.aib.NetworkHealthTest","testHomepageNavigationLinksHealth","testHomepageNavigationLinksHealth","Extract and concurrently validate HTTP status codes of AIB homepage hyperlinks via Java 11 HttpClient"
"skipped","Wed Oct 07 22:00:19 UTC 2026","Wed Oct 07 22:00:19 UTC 2026","0","AIB Selenium Portfolio Test Suite","AIB Digital Banking Tests","tests.aib.MortgageTest","tests.aib.MortgageTest","test11_ContinueButtonIsDisplayed","Verify Continue button is displayed on Step 1",""
"skipped","Wed Oct 07 22:00:19 UTC 2026","Wed Oct 07 22:00:19 UTC 2026","0","AIB Selenium Portfolio Test Suite","AIB Digital Banking Tests","tests.aib.MortgageTest","tests.aib.MortgageTest","test12_ContinueButtonBackgroundColorRgba","Verify Continue button background RGBA color",""
"passed","Wed Oct 07 22:00:25 UTC 2026","Wed Oct 07 22:00:25 UTC 2026","9","AIB Selenium Portfolio Test Suite","AIB Digital Banking Tests","tests.aib.SavingsTest","tests.aib.SavingsTest","test06_SearchButtonTextColorRgba","Verify Search button text RGBA color",""
"passed","Wed Oct 07 21:59:59 UTC 2026","Wed Oct 07 22:00:00 UTC 2026","18","AIB Selenium Portfolio Test Suite","AIB Digital Banking Tests","tests.aib.AibHomeTest","tests.aib.AibHomeTest","test01_HeaderIsDisplayed","Verify that AIB homepage header is visible",""
"passed","Wed Oct 07 22:00:25 UTC 2026","Wed Oct 07 22:00:25 UTC 2026","14","AIB Selenium Portfolio Test Suite","AIB Digital Banking Tests","tests.aib.SavingsTest","tests.aib.SavingsTest","test01_SearchInputIsDisplayed","Verify Search input is available",""
"passed","Wed Oct 07 22:00:03 UTC 2026","Wed Oct 07 22:00:03 UTC 2026","10","AIB Selenium Portfolio Test Suite","AIB Digital Banking Tests","tests.aib.AibHomeTest","tests.aib.AibHomeTest","test11_WaysToBankTextColorRgba","Verify Ways to Bank font RGBA color",""
"passed","Wed Oct 07 22:00:01 UTC 2026","Wed Oct 07 22:00:01 UTC 2026","13","AIB Selenium Portfolio Test Suite","AIB Digital Banking Tests","tests.aib.AibHomeTest","tests.aib.AibHomeTest","test05_HeaderBackgroundColorRgba","Verify Header background RGBA color formatting",""
